∑Áœ’æÿ’Û,Algeria,United Arab Emirates,Oman,Azerbaijan,Egypt,Ethiopia,Angola,Austria,Australia,Papua New Guinea,Pakistan,Belarus,Bulgaria,Belgium,Poland,Denmark,Germany,Russia,France,Philippines,Fiji,Finland,Georgia,Kazakhstan,South Korea,Netherlands,Djibouti,Kyrgyzstan,Guinea,Canada,Cambodia,Qatar,Kuwait,Croatia,Kenya,Laos,Lebanon,Maldives,Malta,Malaysia,United States,Mongolia,Bangladesh,Myanmar,South Africa,Nepal,Nigeria,Portugal,Japan,Sweden,Switzerland,Saudi Arabia,Sri Lanka,Tajikistan,Thailand,Tanzania,Turkey,Turkmenistan,Brunei,Uganda,Uzbekistan,Spain,Greece,Singapore,New Zealand,Hungary,Iraq,Iran,Israel,Italy,India,Indonesia,United Kingdom,Jordan,Vietnam
 ‰≥ˆ∑Áœ’,0.0,0.10871244967482198,0.0,0.0,0.0013116443052412518,0.0,0.0,0.2979308779011091,5.327882768361581,0.0,0.0,0.0,0.00028542662975081804,0.029773162393162335,0.031056877470355626,0.31509503546099193,3.606297971527042,0.006086805274654152,5.834899610090641,0.31779905596763314,0.0,0.687446096654275,0.0,0.0,0.27402689429373267,2.0044010433204806,0.0,0.0,0.0,3.2162437410657523,0.0,0.06377743328935297,0.0,0.0,0.0,0.0,0.005608979314388325,0.0,0.0,0.0,107.56068016627597,0.0,0.0,0.0,0.00038582361181414767,0.0,0.0018184552597667837,2.354763235294131,0.9817353497164464,0.0,0.13049209476183296,0.00335082365053685,0.11393114754098349,0.0,0.3670425043078695,0.0,0.3492884529647794,0.0,0.0,0.0,0.0,8.731457023733132,0.0,2.399507453013611,6.573567514677079,0.002841832324978392,0.0,0.0,0.11061771434796812,1.0086153487504652,0.022490135612112192,0.04979506511309116,11.438162420783117,0.0,0.001779480091435493
