∑Áœ’æÿ’Û,United States,United Kingdom,Spain,New Zealand,France,Australia,Germany,Canada,Singapore,Portugal,Netherlands,Italy,Japan,Finland,South Korea,Thailand,Turkey,Philippines,Denmark,Austria,Switzerland,Sri Lanka,Israel,United Arab Emirates,Qatar,Indonesia,Poland,Belgium,India,Russia,Lebanon,Saudi Arabia,Hungary,Nigeria,Vietnam,Egypt,South Africa,Bulgaria,Algeria,Oman,Azerbaijan,Ethiopia,Angola,Papua New Guinea,Pakistan,Belarus,Fiji,Georgia,Kazakhstan,Djibouti,Kyrgyzstan,Guinea,Cambodia,Kuwait,Croatia,Kenya,Laos,Maldives,Malta,Malaysia,Mongolia,Bangladesh,Myanmar,Nepal,Sweden,Tajikistan,Tanzania,Turkmenistan,Brunei,Uganda,Uzbekistan,Greece,Iraq,Iran,Jordan
 ‰≥ˆ∑Áœ’,107.56068016627597,11.438162420783117,8.731457023733132,6.573567514677079,5.834899610090641,5.327882768361581,3.606297971527042,3.2162437410657523,2.399507453013611,2.354763235294131,2.0044010433204806,1.0086153487504652,0.9817353497164464,0.687446096654275,0.5454808231992518,0.3670425043078695,0.3492884529647794,0.31779905596763314,0.31509503546099193,0.2979308779011091,0.13049209476183296,0.11393114754098349,0.11061771434796812,0.10871244967482198,0.06377743328935297,0.04979506511309116,0.031056877470355626,0.029773162393162335,0.022490135612112192,0.006086805274654152,0.005608979314388325,0.00335082365053685,0.002841832324978392,0.0018184552597667837,0.001779480091435493,0.0013116443052412518,0.00038582361181414767,0.00028542662975081804,0.0,0.0,0.0,0.0,0.0,0.0,0.0,0.0,0.0,0.0,0.0,0.0,0.0,0.0,0.0,0.0,0.0,0.0,0.0,0.0,0.0,0.0,0.0,0.0,0.0,0.0,0.0,0.0,0.0,0.0,0.0,0.0,0.0,0.0,0.0,0.0,0.0
